"Indicator type","Indicator","Description"
"domain","20thcenturystudioslvip.com",""
"domain","aslviptransfer.com",""
"domain","aslviptransfer.com.tr",""
"domain","aslviptransfer.xyz",""
"domain","betslvip.com",""
"domain","brkyslvip.xyz",""
"domain","cslvip.com",""
"domain","hslvip.cn",""
"domain","hslvip.org",""
"domain","loginslvip.com",""
"domain","maeslvipni.ru",""
"domain","opensslvip.vip",""
"domain","oslvip.cc",""
"domain","oslvip.com",""
"domain","oslvip.vip",""
"domain","oslvip01.com",""
"domain","oslvip01.cyou",""
"domain","oslvip01.top",""
"domain","oslvip1.cc",""
"domain","oslvip1.com",""
"domain","oslvip1.top",""
"domain","oslvip2.com",""
"domain","oslvip3.com",""
"domain","oslvip4.com",""
"domain","phslvip.com",""
"domain","proslvip.com",""
"domain","pslvip.com",""
"domain","pslvip.xyz",""
"domain","qse-slvip2002.com",""
"domain","rgslvip.cn",""
"domain","slvip-01.com",""
"domain","slvip-02.com",""
"domain","slvip-03.com",""
"domain","slvip-05.com",""
"domain","slvip-06.com",""
"domain","slvip-07.com",""
"domain","slvip-08.com",""
"domain","slvip-12.com",""
"domain","slvip-aa.com",""
"domain","slvip-jogo.com",""
"domain","slvip-m.com",""
"domain","slvip-n.com",""
"domain","slvip-o.com",""
"domain","slvip-slot.com",""
"domain","slvip.ai",""
"domain","slvip.as",""
"domain","slvip.bot",""
"domain","slvip.city",""
"domain","slvip.cn",""
"domain","slvip.com.cn",""
"domain","slvip.com.co",""
"domain","slvip.day",""
"domain","slvip.dev",""
"domain","slvip.games",""
"domain","slvip.gift",""
"domain","slvip.help",""
"domain","slvip.la",""
"domain","slvip.lol",""
"domain","slvip.men",""
"domain","slvip.net.ph",""
"domain","slvip.news",""
"domain","slvip.now",""
"domain","slvip.plus",""
"domain","slvip.pw",""
"domain","slvip.space",""
"domain","slvip.tw",""
"domain","slvip.vin",""
"domain","slvip.xin",""
"domain","slvip.zone",""
"domain","slvip358d.com",""
"domain","slvipacesso.site",""
"domain","slvipads.com",""
"domain","slvipapp.com",""
"domain","slvipbet.com",""
"domain","slvipbf.com",""
"domain","slvipcom.com",""
"domain","slvipcombet.com",""
"domain","slvipcombr.com",""
"domain","slvipdownload.com",""
"domain","slvipfun88.com",""
"domain","slvipjili.com",""
"domain","slvipjl.com",""
"domain","slvipjogo.com",""
"domain","slviplaro.com",""
"domain","slviplegit.com",""
"domain","slviplogin.com",""
"domain","slvipph.com",""
"domain","slvipphl.com",""
"domain","slvipps.com",""
"domain","slvipsl.com",""
"domain","slvipslot.com",""
"domain","slvipslvip.com",""
"domain","slvipvip.com",""
"domain","slvipwin.com",""
"domain","sslvip.cn",""
"domain","translvip.com",""
"domain","wslvip.xyz",""
"domain","ww-slvip.com",""
"domain","www-slvip.com",""
"domain","wwwslvip.org",""
"domain","00498.bet",""
"domain","06000.bet",""
"domain","06011.bet",""
"domain","06022.bet",""
"domain","06033.bet",""
"domain","06044.bet",""
"domain","06055.bet",""
"domain","06066.bet",""
"domain","06077.bet",""
"domain","06088.bet",""
"domain","06099.bet",""
"domain","113113.bet",""
"domain","113app.bet",""
"domain","13cm.bet",""
"domain","15qahe.bet",""
"domain","1688168.bet",""
"domain","17309.bet",""
"domain","18523.bet",""
"domain","19994.bet",""
"domain","20009.bet",""
"domain","202a.bet",""
"domain","23d23s.bet",""
"domain","303a.bet",""
"domain","3ssx7o.bet",""
"domain","404a.bet",""
"domain","41115.bet",""
"domain","44145.bet",""
"domain","47498.bet",""
"domain","47726.bet",""
"domain","491119.bet",""
"domain","497678.bet",""
"domain","4cf52.bet",""
"domain","4dv43.bet",""
"domain","505a.bet",""
"domain","53334.bet",""
"domain","5az2r.bet",""
"domain","72224.bet",""
"domain","73182.bet",""
"domain","777in.bet",""
"domain","79428.bet",""
"domain","85234.bet",""
"domain","888pak.bet",""
"domain","911pg.bet",""
"domain","91ff.bet",""
"domain","91ok.bet",""
"domain","91yy.bet",""
"domain","92ff.bet",""
"domain","94442.bet",""
"domain","99246.bet",""
"domain","999pak.bet",""
"domain","9f-slot.bet",""
"domain","a6mnb.bet",""
"domain","aa-brl.bet",""
"domain","aa-cartier.bet",""
"domain","aa-lua.bet",""
"domain","aa-porsche.bet",""
"domain","aabrl.bet",""
"domain","aacartier.bet",""
"domain","aadr.bet",""
"domain","aagrupo.bet",""
"domain","aaluz.bet",""
"domain","aaporsche.bet",""
"domain","acreboi.bet",""
"domain","alagoasboi.bet",""
"domain","amapaboi.bet",""
"domain","amazonasboi.bet",""
"domain","amblr.bet",""
"domain","amorapg.bet",""
"domain","ayh7n2.bet",""
"domain","b8m62.bet",""
"domain","backckc.bet",""
"domain","bahiaboi.bet",""
"domain","bb33.bet",""
"domain","berkah6.bet",""
"domain","bet6789.bet",""
"domain","bet777br.bet",""
"domain","boi-golfinho.bet",""
"domain","boi-hermes.bet",""
"domain","boi111-kbetsports.bet",""
"domain","boi222-kbetsports.bet",""
"domain","boi333-kbetsports.bet",""
"domain","boi444-kbetsports.bet",""
"domain","boi555-kbetsports.bet",""
"domain","boi999-kbetsports.bet",""
"domain","boifutebol.bet",""
"domain","boss-pg.bet",""
"domain","brbet777.bet",""
"domain","brjogo777.bet",""
"domain","ccp6.bet",""
"domain","cearaboi.bet",""
"domain","chanel-slot.bet",""
"domain","ciska.bet",""
"domain","cnhu7q.bet",""
"domain","combatcasino.bet",""
"domain","cv9esw.bet",""
"domain","distritofederalboi.bet",""
"domain","divapg.bet",""
"domain","docepg.bet",""
"domain","ert88.bet",""
"domain","essantoboi.bet",""
"domain","f9bet.bet",""
"domain","fortune-snake.bet",""
"domain","funland7.bet",""
"domain","g5127i.bet",""
"domain","goiasboi.bet",""
"domain","goldmax777.bet",""
"domain","grife777.bet",""
"domain","grupoaa.bet",""
"domain","gz06c.bet",""
"domain","h5igc.bet",""
"domain","hifun.bet",""
"domain","hx4go.bet",""
"domain","i45i0.bet",""
"domain","inv1c.bet",""
"domain","jogo-777.bet",""
"domain","jogotop777.bet",""
"domain","k5bet.bet",""
"domain","keydigiamp.bet",""
"domain","kgame.bet",""
"domain","kittybr.bet",""
"domain","ksjdp.bet",""
"domain","luaboi.bet",""
"domain","lucky-slot.bet",""
"domain","lucky72.bet",""
"domain","luckypiso.bet",""
"domain","lv-slot.bet",""
"domain","m5c27.bet",""
"domain","mcjsa.bet",""
"domain","media-ckc.bet",""
"domain","mgdosulboi.bet",""
"domain","mgeraisboi.bet",""
"domain","mgrossoboi.bet",""
"domain","msgckc.bet",""
"domain","n5ax3f.bet",""
"domain","niu-777.bet",""
"domain","oo9b9.bet",""
"domain","paksi.bet",""
"domain","paraboi.bet",""
"domain","paraibaboi.bet",""
"domain","paranaboi.bet",""
"domain","pernambucoboi.bet",""
"domain","pesogame.bet",""
"domain","piauiboi.bet",""
"domain","plata777.bet",""
"domain","po6uet.bet",""
"domain","pqosd.bet",""
"domain","pquzkf.bet",""
"domain","prosafebet.bet",""
"domain","qoskd.bet",""
"domain","rd1i79.bet",""
"domain","rgrandedonorteboi.bet",""
"domain","rgrandedosulboi.bet",""
"domain","rjaneiroboi.bet",""
"domain","rondoniaboi.bet",""
"domain","roraimaboi.bet",""
"domain","scatarinaboi.bet",""
"domain","sergipeboi.bet",""
"domain","sl12.bet",""
"domain","slots-999.bet",""
"domain","snakepg.bet",""
"domain","sortudo-777.bet",""
"domain","spinriopg.bet",""
"domain","superman-slot.bet",""
"domain","tangerinapg.bet",""
"domain","tocantinsboi.bet",""
"domain","touro-pg.bet",""
"domain","trabalhadorpg.bet",""
"domain","u5eczw.bet",""
"domain","u87vqd.bet",""
"domain","u9pxm.bet",""
"domain","ud59if.bet",""
"domain","uu7world.bet",""
"domain","uybfs.bet",""
"domain","v7c2yd.bet",""
"domain","v9ihc.bet",""
"domain","vssports.bet",""
"domain","win-555.bet",""
"domain","x0nty.bet",""
"domain","x3vh6.bet",""
"domain","x7x7.bet",""
"domain","xmkcs.bet",""
"domain","yg85ho.bet",""
"domain","yp60j1.bet",""
"domain","atongitsgopk.com",""
"domain","bingogzonetongits.fun",""
"domain","bingoplusbingotongitsgame.xyz",""
"domain","bingotongits.com",""
"domain","bingotongits.vip",""
"domain","casino-plus-tongits-go.xyz",""
"domain","casino-plus-tongits.xyz",""
"domain","casinoplus-tongits-go.xyz",""
"domain","casinoplus-tongits.xyz",""
"domain","casinotongits.com",""
"domain","crazytongits.com",""
"domain","crazytongits.net",""
"domain","datongitshop.com",""
"domain","fortongits.com",""
"domain","freegzonetongits.fun",""
"domain","freeplaytongits.com",""
"domain","freetongits.com",""
"domain","freetongitsplay.com",""
"domain","friendstongits.com",""
"domain","gametongits.com",""
"domain","ggtongits.com",""
"domain","gotongits.com",""
"domain","gotongitsfree.com",""
"domain","gzonetongits.com",""
"domain","gzonetongits.win",""
"domain","gzonetongitsgo.com",""
"domain","gzonetongitsland.com",""
"domain","gzonetongitsstar.fun",""
"domain","httpstongits.co",""
"domain","jilievo-tongits.xyz",""
"domain","jokertongits.online",""
"domain","logintongits.com",""
"domain","mytongits.com",""
"domain","offlinetongits.com",""
"domain","onlinecasinotongits.com",""
"domain","onlinetongits.com",""
"domain","onlinetongitsfree.com",""
"domain","pctongits.com",""
"domain","play-tongits.online",""
"domain","play-tongits.store",""
"domain","playfreetongits.com",""
"domain","playtongits-ph.online",""
"domain","playtongits-ph.store",""
"domain","playtongits-pro.online",""
"domain","playtongits-pro.store",""
"domain","playtongits.com",""
"domain","playtongits.online",""
"domain","playtongits.store",""
"domain","playtongitsfree.com",""
"domain","queentongits.com",""
"domain","todaytongitsgo.com",""
"domain","tongits-bingoplus.com",""
"domain","tongits-bingoplus.mom",""
"domain","tongits-bp.com",""
"domain","tongits-bp.store",""
"domain","tongits-go.com",""
"domain","tongits-goph.com",""
"domain","tongits-gz.store",""
"domain","tongits-pro.online",""
"domain","tongits-pro.store",""
"domain","tongits.ai",""
"domain","tongits.bet",""
"domain","tongits.io",""
"domain","tongits.net",""
"domain","tongits.online",""
"domain","tongits.store",""
"domain","tongits.top",""
"domain","tongits.xyz",""
"domain","tongits247.win",""
"domain","tongits247app.com",""
"domain","tongits247ph.com",""
"domain","tongits247play.win",""
"domain","tongits247s.win",""
"domain","tongits247web.win",""
"domain","tongits538.com",""
"domain","tongits7.com",""
"domain","tongits777.com",""
"domain","tongits8.com",""
"domain","tongits827.com",""
"domain","tongits9.com",""
"domain","tongits957.com",""
"domain","tongitsbonus.fun",""
"domain","tongitsclub.pro",""
"domain","tongitsclub.xyz",""
"domain","tongitsfree.com",""
"domain","tongitsfreego.com",""
"domain","tongitsfreeplay.com",""
"domain","tongitsfreewin.com",""
"domain","tongitsfun.xyz",""
"domain","tongitsgame.com",""
"domain","tongitsgame.net",""
"domain","tongitsgameonline.com",""
"domain","tongitsgo.online",""
"domain","tongitsgo.xyz",""
"domain","tongitsgo7.com",""
"domain","tongitsgoonline.xyz",""
"domain","tongitsgoonlinegames.xyz",""
"domain","tongitsgopro.xyz",""
"domain","tongitsha.com",""
"domain","tongitshub.com",""
"domain","tongitsig.com",""
"domain","tongitsiw.com",""
"domain","tongitsjoker-gz.com",""
"domain","tongitsland.online",""
"domain","tongitsland.xyz",""
"domain","tongitslogin.com",""
"domain","tongitslogingo.com",""
"domain","tongitsmania.com",""
"domain","tongitsmb.com",""
"domain","tongitsnow.com",""
"domain","tongitsoffline.xyz",""
"domain","tongitsofflinegame.com",""
"domain","tongitsonline.site",""
"domain","tongitsonline.xyz",""
"domain","tongitsonline1.com",""
"domain","tongitsonline8.com",""
"domain","tongitsonlinecasino.com",""
"domain","tongitsonlinecom.com",""
"domain","tongitsonlinefree.com",""
"domain","tongitspc.com",""
"domain","tongitspinoy.xyz",""
"domain","tongitsplaycom.com",""
"domain","tongitsplayfree.com",""
"domain","tongitsplayph.com",""
"domain","tongitsprj.com",""
"domain","tongitspro.online",""
"domain","tongitspro.xyz",""
"domain","tongitsreward.fun",""
"domain","tongitsshow.xyz",""
"domain","tongitsspin.com",""
"domain","tongitsspin.net",""
"domain","tongitsstar.online",""
"domain","tongitsstar.xyz",""
"domain","tongitsstarcom.com",""
"domain","tongitsstargzone.com",""
"domain","tongitsstarph.com",""
"domain","tongitstest.online",""
"domain","tongitstime.com",""
"domain","tongitstoday.com",""
"domain","tongitsupdate.com",""
"domain","tongitsvip.com",""
"domain","tongitsvip.net",""
"domain","tongitswith.com",""
"domain","tongitszingplay.xyz",""
"domain","withtongits.com",""
"domain","wwwtongits247.com",""
"domain","wwwtongitsplay.com",""
"domain","wwwtongitsstar.com",""
"domain","zhitongits.com",""
"domain","jili-app.top",""
"domain","jili-casino.bar",""
"domain","jili-casino.bond",""
"domain","jili-casino.cyou",""
"domain","jili-casino.icu",""
"domain","jili-casino.rest",""
"domain","jili-casino.site",""
"domain","jili-casino.store",""
"domain","jili-casino.xyz",""
"domain","jili-city.top",""
"domain","jili-mg.top",""
"domain","jili-pg.top",""
"domain","jili-ps.top",""
"domain","jili-pt.top",""
"domain","jili-s.top",""
"domain","jili-slot.bar",""
"domain","jili-slot.bond",""
"domain","jili-slot.cyou",""
"domain","jili-slot.icu",""
"domain","jili-slot.rest",""
"domain","jili-slot.shop",""
"domain","jili-slot.site",""
"domain","jili-slot.store",""
"domain","jili-slot.top",""
"domain","jili-slot.xyz",""
"domain","jili-slots.bond",""
"domain","jili-slots.cyou",""
"domain","jili-slots.icu",""
"domain","jili-slots.online",""
"domain","jili-slots.shop",""
"domain","jili-slots.site",""
"domain","jili-slots.store",""
"domain","jili-slots.top",""
"domain","jili-slots.vip",""
"domain","jili-slots.xyz",""
"domain","jili-tp.top",""
"domain","jili025896.vip",""
"domain","jili111.top",""
"domain","jili131341.vip",""
"domain","jili166.top",""
"domain","jili198691.vip",""
"domain","jili199.top",""
"domain","jili291.org",""
"domain","jili365.org",""
"domain","jili418765.vip",""
"domain","jili4488.com",""
"domain","jili500.top",""
"domain","jili545896.vip",""
"domain","jili688.top",""
"domain","jili7.cam",""
"domain","jili77.cam",""
"domain","jili777.net.co",""
"domain","jili777app.com",""
"domain","jili799.top",""
"domain","jili80.org",""
"domain","jili888ph.com",""
"domain","jili899.top",""
"domain","jili910637.vip",""
"domain","jili9999.org",""
"domain","jiliasia88.org",""
"domain","jilibaowang.net",""
"domain","jilibetphl.com",""
"domain","jilidemo.top",""
"domain","jiligame.cyou",""
"domain","jilikophl.com",""
"domain","jilimg.top",""
"domain","jilimine888.org",""
"domain","jilin-acee.com",""
"domain","jilino1.news",""
"domain","jilipg.top",""
"domain","jiliph888.org",""
"domain","jiliplay.top",""
"domain","jilips.top",""
"domain","jilipt.top",""
"domain","jilislot777.org",""
"domain","jilitp.top",""
"domain","111hiyangplus.com",""
"domain","1289hiyangplus.com",""
"domain","2307hiyangplus.com",""
"domain","333hiyangplus.com",""
"domain","555hiyangplus.com",""
"domain","5945hiyangplus.com",""
"domain","8318hiyangplus.com",""
"domain","888hiyangplus.com",""
"domain","hiyangplus.cc",""
"domain","hiyangplus.club",""
"domain","hiyangplus.com",""
"domain","hiyangplus.com.ph",""
"domain","hiyangplus.fun",""
"domain","hiyangplus.live",""
"domain","hiyangplus.net",""
"domain","hiyangplus.org",""
"domain","hiyangplus.ph",""
"domain","hiyangplus.vip",""
"domain","hiyangplus.win",""
"domain","hiyangplus108.com",""
"domain","hiyangplus10879.com",""
"domain","hiyangplus1089.com",""
"domain","hiyangplus13879.com",""
"domain","hiyangplus1769.com",""
"domain","hiyangplus189.com",""
"domain","hiyangplus23789.com",""
"domain","hiyangplus2398.com",""
"domain","hiyangplus275.com",""
"domain","hiyangplus3579.com",""
"domain","hiyangplus35978.com",""
"domain","hiyangplus369.com",""
"domain","hiyangplus4698.com",""
"domain","hiyangplus47869.com",""
"domain","hiyangplus487.com",""
"domain","hiyangplus5837.com",""
"domain","hiyangplus58937.com",""
"domain","hiyangplus593.com",""
"domain","hiyangplus6398.com",""
"domain","hiyangplus678.com",""
"domain","hiyangplus69378.com",""
"domain","hiyangplus735.com",""
"domain","hiyangplus73698.com",""
"domain","hiyangplus7586.com",""
"domain","hiyangplus8369.com",""
"domain","hiyangplus839.com",""
"domain","hiyangplus85397.com",""
"domain","hiyangplus967.com",""
"domain","hiyangplus96735.com",""
"domain","hiyangplus9678.com",""
"domain","1208wagiplus.com",""
"domain","2301wagiplus.com",""
"domain","5945wagiplus.com",""
"domain","8318wagiplus.com",""
"domain","joinwagiplus.com",""
"domain","mnlwagiplus.com",""
"domain","phwagiplus.com",""
"domain","wagiplus-officail.com",""
"domain","wagiplus-ph.com",""
"domain","wagiplus.bet",""
"domain","wagiplus.casino",""
"domain","wagiplus.cc",""
"domain","wagiplus.click",""
"domain","wagiplus.club",""
"domain","wagiplus.co",""
"domain","wagiplus.com",""
"domain","wagiplus.com.ph",""
"domain","wagiplus.fun",""
"domain","wagiplus.info",""
"domain","wagiplus.live",""
"domain","wagiplus.me",""
"domain","wagiplus.net",""
"domain","wagiplus.net.ph",""
"domain","wagiplus.online",""
"domain","wagiplus.org",""
"domain","wagiplus.ph",""
"domain","wagiplus.pro",""
"domain","wagiplus.shop",""
"domain","wagiplus.site",""
"domain","wagiplus.store",""
"domain","wagiplus.top",""
"domain","wagiplus.vip",""
"domain","wagiplus.website",""
"domain","wagiplus.win",""
"domain","wagiplus010178.com",""
"domain","wagiplus010256.com",""
"domain","wagiplus010349.com",""
"domain","wagiplus010456.com",""
"domain","wagiplus010588.com",""
"domain","wagiplus010612.com",""
"domain","wagiplus01238.com",""
"domain","wagiplus020717.com",""
"domain","wagiplus028016.com",""
"domain","wagiplus029109.com",""
"domain","wagiplus030911.com",""
"domain","wagiplus13145.com",""
"domain","wagiplus1880.com",""
"domain","wagiplus2025.com",""
"domain","wagiplus29180.com",""
"domain","wagiplus3000.com",""
"domain","wagiplus33091.com",""
"domain","wagiplus4520.com",""
"domain","wagiplus45678.com",""
"domain","wagiplus53150.com",""
"domain","wagiplus5525.com",""
"domain","wagiplus6636.com",""
"domain","wagiplus67429.com",""
"domain","wagiplus71898.com",""
"domain","wagiplus7428.com",""
"domain","wagiplus83240.com",""
"domain","wagiplus8818.com",""
"domain","wagiplus8818com.com",""
"domain","wagiplus8818com.info",""
"domain","wagiplus90909.com",""
"domain","wagiplus9535.com",""
"domain","wagipluscasino.com",""
"domain","wagipluslink.com",""
"domain","wagipluslogin.com",""
"domain","wagiplusofficial.com",""
"domain","wagiplusph.com",""
"domain","wagiplusph.net",""
"domain","wagipluss.com",""
"domain","wagiplusslot.com",""
"domain","wagipluswagi.com",""
"domain","wagipluswin.com",""
"domain","www-wagiplus.com",""
"domain","wwwwagiplus.com",""
"domain","bingo-plus-online.com",""
"domain","bingo4d.asia",""
"domain","bingo4d.vip",""
"domain","bingo4daemp.life",""
"domain","bingo4daempe.space",""
"domain","bingo4dampans.com",""
"domain","bingo4dasik.shop",""
"domain","bingo4dasik.top",""
"domain","bingo4dax.fun",""
"domain","bingo4dax.icu",""
"domain","bingo4dax.life",""
"domain","bingo4dax.shop",""
"domain","bingo4dax.top",""
"domain","bingo4dbmb.co",""
"domain","bingo4dext.fun",""
"domain","bingo4dext.icu",""
"domain","bingo4dext.shop",""
"domain","bingo4dext.space",""
"domain","bingo4dext.top",""
"domain","bingo4dfree.fun",""
"domain","bingo4dfree.life",""
"domain","bingo4dfree.shop",""
"domain","bingo4dfree.space",""
"domain","bingo4dfree.top",""
"domain","bingo4dh01.space",""
"domain","bingo4dh02.space",""
"domain","bingo4dhot.fun",""
"domain","bingo4dhot.space",""
"domain","bingo4dmix.com",""
"domain","bingo4doke.fun",""
"domain","bingo4doke.shop",""
"domain","bingo4doke.space",""
"domain","bingo4doke.top",""
"domain","bingo4dop.shop",""
"domain","bingo4dop.space",""
"domain","bingo4dop.top",""
"domain","bingo4dpaling.top",""
"domain","bingo4dsip.fun",""
"domain","bingo4dsip.shop",""
"domain","bingo4dsip.space",""
"domain","bingo4dsip.top",""
"domain","bingo4dspot.space",""
"domain","bingo4dwew.fun",""
"domain","bingo4dwew.shop",""
"domain","bingo4dwew.space",""
"domain","bingo4dwew.top",""
"domain","bingoacade.com",""
"domain","bingobakers.top",""
"domain","bingobakes.top",""
"domain","bingoblitzs.top",""
"domain","bingocard.top",""
"domain","bingocards.top",""
"domain","bingocardss.top",""
"domain","bingogames-online.com",""
"domain","bingogzone.com",""
"domain","bingonice.com",""
"domain","bingoplus-games.com",""
"domain","bingoplus-games.mom",""
"domain","bingoplus-games.online",""
"domain","bingoplus-games.store",""
"domain","bingoplus-games.yachts",""
"domain","bingoplus-go.com",""
"domain","bingoplus-online.com",""
"domain","bingoplus-ph-game.boats",""
"domain","bingoplus-ph-game.mom",""
"domain","bingoplus-ph-game.store",""
"domain","bingoplus-ph.online",""
"domain","bingoplus8.org",""
"domain","slvip.pub",""
"domain","slvip.so",""
"domain","9pg.bet",""
"domain","ckc.bet",""
"domain","cwc.bet",""
"domain","cyc.bet",""
"domain","dzd.bet",""
"domain","okj.bet",""
"domain","rzr.bet",""
"domain","scs.bet",""
"domain","sdc.bet",""
"domain","sns.bet",""
"domain","sxs.bet",""
"domain","td.bet",""
"domain","td0.bet",""
"domain","td1.bet",""
"domain","td2.bet",""
"domain","td3.bet",""
"domain","td4.bet",""
"domain","td5.bet",""
"domain","td6.bet",""
"domain","td7.bet",""
"domain","td8.bet",""
"domain","td9.bet",""
"domain","xbx.bet",""
"domain","xdx.bet",""
"domain","xnx.bet",""
"domain","xsx.bet",""
"domain","zcz.bet",""
"domain","znz.bet",""
"domain","zsz.bet",""
"domain","ztw.bet",""
"domain","zwz.bet",""
"domain","hiyangplus.app",""
