domainName,
jlphi.com,
jlphcc.com,
jlphs.info,
jlphs.link,
jlph3com.com,
jlph63onlinecasino.com,
jlph63games.com,
jlph63legit.com,
jlphq.net,
jlphubconnect.com,
jlph33.games,
jlphslotcom.com,
jlphvipcom.com,
jlph.net.ph,
jlph44.vip,
jlphpinoy.com,
jlph11.vip,
jlphlinks.com,
jlph63slots.com,
jlphapk.com,
jlph63apk.com,
jlphqbillion.sbs,
jlph688.com,
jlphnet.com,
jlphmoba.com,
jlphotoimages.com,
jlphloginvip.com,
jlph63online.com,
jlphstar.pics,
jlphdownload.com,
jlph63club.com,
jlph63appdownload.com,
jlphopen.com,
jlph1188.vip,
jlph639.com,
jlph-ph.com,
jlph369.com,
jlphpcome.com,
jlphslot1.com,
jlphpromo.com,
jlph.info,
jlphlotto.com,
jlphpc.com,
jlphwheel.com,
jlph.app,
jlphysics.com,
jlphqp.info,
jlphqjobs.com,
jlph987.com,
jlph90.com,
jlphdream.com,
jlphpark.com,
jlphmacao.com,
jlphlaw.com,
jlph878.com,
jlphswerte.com,
jlphcash.com,
jlphi999.com,
jlphotographic.com,
jlph.com.cn,
jlphpmo.sbs,
jlphjr.cn,
jlphapplogin.com,
jlphapploginjl.com,
jlphlivevideo.com,
jlphcasino.com,
jlph63livevideo.com,
jlph63-casino.com,
jlph63register.com,
jlphregister.com,
jlphlwin.com,
jlph63vip.com,
jlphkj.top,
jlph63casino.com,
jlph63link.com,
jlph63applogin.com,
jlph63viplogin.com,
jlphqm.cn,
jlph63play.com,
jlphnt.cn,
jlph63win.com,
jlphlboss.com,
jlph63go.com,
jlph63jlph63.com,
jlph63jl.com,
jlphp.cn,
jlphz.cn,
jlphspin.com,
jlphcity.com,
jlphqt.cn,
jlphlbest.com,
jlphlruby.com,
jlphomes.net,
jlph.win,
jlph.vip,
jlphplus.com,
jlph63app.com,
jlph63bet.com,
jlphvideo.com,
jlphlink.com,
jlph63slot.com,
jlphp.com,
jlphrush.com,
jlphplay.com,
jlphwin.com,
jlphpg.com,
jlphslots.com,
jlphjili.com,
jlpha.com,
jlphapp.com,
jlphjl.com,
jlphphl.com,
jlphhome.com,
jlphhot.com,
jlphi77.com,
jlphjoy.com,
jlphtop.com,
jlphrng.top,
jlphfun.com,
jlphginto.com,
jlphhalik.com,
jlph567.com,
jlphpvip.com,
jlphjoin.com,
jlphlaro.com,
jlph945.com,
jlph947.com,
jlphtala.com,
jlph365.com,
jlphoto.org,
jlph.club,
jlpharma.cn,
jlphrng.fun,
jlph.quest,
jlphgo.com,
jlphmax.com,
jlphwinph.com,
jlphr.cn,
jlph.cloud,
jlphjlph.com,
jlphpro.com,
jlphysio.co.uk,
jlphoto.ca,
jlph5g.com,
jlphlive.com,
jlphotoh.com,
jlphfree.com,
jlphtaya.com,
jlphcom.com,
jlphs.com,
jlph63com.com,
jlph63login.com,
jlph63ph.com,
jlph.pro,
jlph88.com,
jlph2222.com,
jlphph.com,
jlphot.be,
jlph111.com,
jlph22.com,
jlph8888.com,
jlph8.com,
jlph999.com,
jlph6666.com,
jlph4444.com,
jlph0.com,
jlph0000.com,
jlph.fun,
jlph7.com,
jlph55.com,
jlph.net,
jlph9.com,
jlph222.com,
jlph888.com,
jlph1111.com,
jlpharms.com,
jlph.xyz,
jlph.org,
jlph444.com,
jlph1.com,
jlph63.games,
jlphvip8.com,
jlphvip9.com,
jlphvip2.com,
jlphbet9.com,
jlphvip6.com,
jlphbet8.com,
jlphotoart.ch,
jlphbet6.com,
jlphbet5.com,
jlph.au,
jlphhhp.cn,
jlphff3.cn,
jlphog.top,
jlph44.com,
jlph.pics,
jlph333.com,
jlphoto.me,
jlph63.bet,
jlph.skin,
jlph6.com,
jlph9999.com,
jlph77.com,
jlph66.com,
jlph00.com,
jlph63.click,
jlphroi.top,
jlphppiso.com,
jlphpiso.com,
jlphfbc.com,
jlph777.com,
jlph555.com,
jlph99.com,
jlph5555.com,
jlph666.com,
jlph7777.com,
jlph2.com,
jlph11.com,
jlph4.com,
jlph33.com,
jlph000.com,
jlphq-billion.xyz,
jlphbk.top,
jlphc.com,
jlphapp.fun,
jlph.link,
jlphft.fun,
jlphelan.com,
jlphq.com,
jlphotos.org,
jlphjt.com,
jlphall.bond,
jlphoto.com.au,
jlphotographie.ca,
jlph.site,
jlph1199.vip,
jlph4.us,
jlphlogin.com,
jlph050.top,
jlphzx.cn,
jlphpz.cn,
jlphznz.cn,
jlphospital.cn,
jlphhjapgbapcavfmcq.in,
jlphotography.gallery,
jlph.blog,
jlphysiofit.co.uk,
jlphillips.co.uk,
jlphotoandvideo.co.uk,
jlphxhwboo.top,
jlphotographie.fr,
jlph.cn,
jlphoto.us,
jlph1177.vip,
jlphotos.com.au,
jlphotography.com.au,
jlph888.nom.za,
jlphoto.se,
jlph.cc,
jlphysiotherapy.com,
jlphoto-graphic.com,
jlphjr.com,
jlphoto.com,
jlphvip.com,
jlphaulage.co.uk,
jlphorseboxhire.co.uk,
jlphotographic.co.uk,
jlphvac.com,
jlphotoworld.com,
jlphoto.re,
jlph10.com,
jlpharmaconsulting.com,
jlph18.com,
jlph-casino.com,
jlph12.com,
jlpheatingcooling.com,
jlphandymanservices.com,
jlpham.com,
jlphbet0.com,
jlphvip3.com,
jlph.io,
jlphotography.de,
jlph.de,
jlphoto.de,
jlphoutman.nl,
jlph.nl,
jlphvxxqhuxtavx.co.th,
jlphotos.dk,
jlphvip5.com,
jlphvip7.com,
jlphvip4.com,
jlphvip1.com,
jlphvip0.com,
jlphbet.com,
jlphorg.com,
jlphclub.com,
jlphbet4.com,
jlphbet2.com,
jlphbet1.com,
jlphbet7.com,
jlphbet3.com,
jlphysiotherapy.ie,
jlphoto.dk,
jlph.mobi,
jlph.today,
jlph5.net,
jlph.live,
jlphlrjx.lol,
jlphotographyau.com,
jlphillipscreations.com,
jlphotos.xyz,
jlphiv.top,
jlphqbillion.xyz,
jlph-63.com,
jlph77.vip,
jlphpfamous.com,
jlph33.vip,
jlph88.vip,
jlph22.vip,
jlph55.vip,
jlph99.vip,
jlphoto2025.com,
jlph66.vip,
jlph63.vip,
jlph65.vip,
jlph1.xyz,
jlphvuuhjarf.click,
jlpholidays.com,
jlphangu.com,
jlphotoatl.com,
jlph63.ph,
jlphotollc.com,
jlph.world,
jlph67.com,
jlph63.net,
jlph8.org,
jlph63.org,
jlph68.com,
jlph61.com,
jlph69.com,
jlph62.com,
jlph63-ph.com,
jlph60.com,
jlphp.site,
jlphwc.com,
jlph65.com,
jlphotos2025.com,
jlphslot.com,
jlph64.com,
jlphdc.com,
jlph63.com,
jlphotographyco.org,
jlphotography.com,
jlphuolto.com,
jlph3333.com,
jlphotoandvideo.com,
jlphysicaltherapy.com,
jlphyf.com,
jlphotographics.com,
jlpholding.com,
jlphealthcarellc.com,
jlphzs.com,
jlphome.cn,
jlphillips.com,
jlphillipslaw.com,
jlphc.cn,
jlphotographix.com,
jlphotogenic.com,
jlph.loan,
jlpharmacy.com,
jlphel.com,
jlphggr.top,
jlphback.com,
jlphbb.top,
jlphillipsrenewableenergy.blogspot.co.uk,
jlphorselessons.com,
jlphoenixelectric.com,
jlphotoartcreations.com,
jlphotoco.com,
jlphotoanddesign.com,
jlphpz.com,
jlphotoediting.com,
jlphotovideo.com,
jlphotodesign.com,
jlphotomotosport.com,
jlphshop.com,
jlphqt.com,
jlphpay.com,
jlphototc.com,
jlphotographi.com,
jlphw.com,
jlph.org.ph,
jlphgame.com,
jlphysiques.com,
jlphoto.net,
jlph.life,
jlph.one,
jlph7788.vip,
jlph-casino.vip,
jlph7799.vip,
jlphonline.top,
jlphgame.top,
jlphslot.store,
jlphcly.com,
jlph.email,
jlph.space,
jlphonline.online,
jlpharmchem.site,
jlphoto.life,
jlph.city,
jlphoto.site,
jlphealth.org,
jlphvid.xyz,
jlph.asia,
jlphng.xyz,
jlphaa.top,
jlphslot.top,
jlpharmchem.click,
jlph.bet,
jlphotographic.art,
jlph3.com,
jlph5.com,
jlphl.com,
jlphgames.com,
jlpharmchem.com,
jlphotpot.com,
jlphotographies.com,
jlphonline.pw,
jlphotography23.com,
jlphotography.ch,
jlph.ph,
jlphyz5qvexgudrcdn.com,
jlph.top,
jlph.shop,
jlphorses.com,
jlphotoworks.com,
jlph.ngo.ph,
jlphotogenic.ws,
jlphonemount.com,
jlphotoarts.com,
jlphotosbooknow.com,
jlphotography2020.com,
jlpho.com,
jlphotograph.com,
jlphobson.com,
jlphbib.com,
jlph6.tv,
jlph1.tv,
jlph10.tv,
jlph3.tv,
jlph5.tv,
jlph15.tv,
jlph16.tv,
jlph4.tv,
jlph7.tv,
jlph17.tv,
jlph0.tv,
jlph14.tv,
jlph12.tv,
jlph19.tv,
jlph18.tv,
jlph9.tv,
jlph8.tv,
jlph13.tv,
jlph20.tv,
jlph11.tv,
jlph2.tv,
jlphoto.co.uk,
jlphotography.ca,
jlphobson.co.uk,
jlphotography.mu,
jlphq.ws,
jlphvip0.ph,
jlphotography.online,
jlphotography.net,
jlphouiy.cfd,
jlphotocarolinas.com,
jlphqtm.top,
jlphotography.biz,
jlphotography.info,
jlphotography.org,
jlphotographie.org,
jlphappierworld.co.uk,
jlpharmacy.net,
jlphotography.shop,
jlphotovideo.cz,
jlphotographie.bzh,
jlphotos.info,
jlphotopro.com,
jlphotographe.com,
jlphotoclick.com,
jlphomecreations.com,
jlphomeservices84.com,
jlph.audnedaln.no,
jlphzlu.cn,
jlphysiotherapy.co.za,
jlphotography.co.za,
jlphotographer.com,
jlphotographymn.com,
jlphotogiftshoppe.com,
jlphkj.com,
jlphotographics.ca,
jlphomeimprovements.co.uk,
jlphxny.cn,
jlphotographystudio.net,
jlphotos.net,
jlphotographics.co.za,
jlphotography.nl,
jlphvip999.asia,
jlphysiquecoaching.com,
jlphotoacademy.com,
jlphkm.com,
jlphotograpy.com,
jlphotographystudio.com,
jlphomeservicescompany.com,
jlphx.com,
jlpharmaconsulting.net,
jlphncot.cn,
jlphotography.me,
jlphoto.eu,
jlphoto.co,
jlphei.com,
jlphdx.com,
jlphgy.com,
jlphotographie.com,
jlphomepage.com,
jlph.gov.ws,
jlphotolounge.com,
jlphservices.co.uk,
jlphotographyprints.com,
jlphsm.com,
jlphuizhan.com,
jlphuojia.com,
jlphonecases.com,
jlphomeinspections.com,
jlphome.com,
jlph.co.uk,
jlphmdfbsiephg.info,
jlphillipsauthor.com,
jlphe9.com,
jlphotographysyr.com,
jlphoto.fi,
jlphones.com.br,
jlphycpm.gq,
jlphotography.ga,
jlphealthcoaching.com,
jlphototour.com,
jlphotographynepa.com,
jlphaier.com.cn,
jlphaier.org.cn,
jlphaier.ac.cn,
jlphaier.cn,
jlphaier.net.cn,
jlph.net.cn,
jlphabeb.com,
jlphotographyusa.com,
jlphynz.com,
jlphilips.com,
jlph113sanjiusan.cn,
jlphauling83.com,
jlphillipsenterprises.com,
jlphkl.com,
jlphotoslc.com,
jlphy.com,
jlphxb.ga,
jlphost.co.uk,
jlphoto.cf,
jlph9x.ga,
jlphotoandartcom.com,
jlphotoimagens.cf,
jlphvrw.tk,
jlphfn.ga,
jlphpl.ga,
jlphvrw.ml,
jlphv7.ga,
jlphvrw.ga,
jlphjpl.com.cn,
jlphzd.ga,
jlpht7.ga,
jlphotographics.de,
jlphb7.ga,
jlphbn.ga,
jlphihgq.ml,
jlphihgq.cf,
jlphuwai.com,
jlphuazhuang.com,
jlphotographyboise.com,
jlphqkc.com,
jlphangtian.com,
jlphotous.com,
jlphuifu.com,
jlphuanbao.com,
jlphuagong.com,
jlphuafei.com,
jlphuihua.com,
jlphunlian.com,
jlphaocai.com,
jlphuoguo.com,
jlphongjiu.com,
jlphdv.ga,
jlphh1.ga,
jlphrswn.cn,
jlphxtb.com.cn,
jlphy.ws,
jlphotostudio.org,
jlpharma.com.cn,
jlphangkong.com,
jlphbox.com,
jlpharmconsult.com,
jlphuahui.com,
jlphjwz.com,
jlphomebcsservices.com,
jlphotx.com,
jlphunqing.com,
jlphq7i.work,
jlphzsh.cn,
jlphn.cn,
jlphotographie.contact,
jlphotogroup.com,
jlphaulingservices.com,
jlphotosny.com,
jlphotographers.com,
jlphotoservices.com,
jlphm.cn,
jlphotomovie.fr,
jlphotocart.com,
jlphxk.ga,
jlphotographysc.com,
jlphomeinspectionservices.com,
jlphotographicsolutions.com,
jlpharmagrosshandel.com,
jlphxb.com,
jlphorsemanship.com,
jlphotographyco.com,
jlphomeimprovement.com,
jlphotographymiami.com,
jlphi336.com,
jlphysiotherapist.com,
jlphotographyaz.com,
jlphomeowners.com,
jlphotos.ga,
jlphoenixcell.com,
jlphotobooths.com,
jlphan.com,
jlphairdesigns.com,
jlphillipsconstruction.com,
jlphomesolutions.com,
jlphotos50.com,
jlphih.com,
jlphic.com,
jlphotography19.com,
jlphotograpics.com,
jlphysioclinic.co.uk,
jlphoebeduncan.cn,
jlphotoimages.com.au,
jlpholdings.co.za,
jlph.org.cn,
jlphotoographer.es,
jlphotographie.tk,
jlphysio.com,
jlphotog.com,
jlpharmagrosshandelgmbh.com,
jlphotographies.tk,
jlphhf.top,
jlphd1.top,
jlphh.tk,
jlphbd.top,
jlphzx.top,
jlphl.tk,
jlph4.tk,
jlphypnotherapy.uk,
jlphmus.cn,
jlphtuuf.cn,
jlphbvm.cn,
jlphe.tk,
jlphsv53363.cn,
jlphns.top,
jlphb.cn,
jlphotos.co.uk,
jlphzt.us,
jlphotography.tk,
jlphpnx.cn,
jlphvt.biz,
jlphdn.cn,
jlphsx.bid,
jlphgasgq.co.uk,
jlphsk.work,
jlphzybc.loan,
jlphfu.men,
jlphdb.biz,
jlphzzbe.work,
jlphillipsrenewableenergy.co.uk,
jlphotobox.de,
jlph9j.cn,
jlphdldr.cn,
jlphjf.men,
jlphotographie.de,
jlphj.com.cn,
jlpharm.co.kr,
jlphmz.vip,
jlpharmagrosshandelgmbh.de,
jlphw.co,
jlphotos.uk,
jlphcpo.cn,
jlph83.ltd,
jlphwmr.loan,
jlphofwh.loan,
jlphhb.ltd,
jlph5k.cn,
jlphotos.us,
jlphrkft.loan,
jlphd.racing,
jlphdr.tw,
jlpharmagrosshandelgmbh.eu,
jlph.wang,
jlphvhk.cn,
jlphotoart.de,
jlphtd.loan,
jlphbf.ltd,
jlph.ren,
jlphbt.tw,
jlph.tw,
jlphotography.uk,
jlphotography.photos,
jlphtz.loan,
jlphptz.cn,
jlphsok.cn,
jlphfoc.cn,
jlphxuw.cn,
jlphwb.tw,
jlphotography.us,
jlphomepage.us,
jlphotopix.uk,
jlphz.tw,
jlphhbe.vip,
jlpharmacy93.cn,
jlphaka.co.za,
jlphoto.uk,
jlphoto.fr,
jlphomeinspectionservices.net,
jlphnf.biz,
jlphotovideo.net,
jlphotography.dk,
jlphi.cn,
jlphoto.tk,
jlphotobooth.de,
jlphztn.cn,
jlphospitality.fr,
jlphotography.fr,
jlphotography.photo,
jlpharmagrosshandel.de,
jlphwk.live,
jlphoto.info,
jlphotography.be,
jlphire.ie,
jlphomes.in,
jlphotography.in,
jlphoto.nl,
jlpharmagrosshandel.eu,
jlphoto.gq,
jlphqnote.ml,
jlphotographia.asia,
jlphotographic.uk,
jlphoto.cn,
jlphhf.cn,
jlphgfm.tk,
jlphf.cn,
jlphk.cn,
jlphh.cn,
jlphpj.info,
jlphpfd.info,
jlphq.cn,
jlph.fr,
jlphs.cn,
jlphy.cn,
jlphj.cn,
jlphhb.loan,
jlphzt.info,
jlphzn.cn,
jlphhc.loan,
jlphngp.tw,
jlph.ca,
jlphome.tk,
jlphome.ml,
jlphouse.tk,
jlphlxl.tk,
jlphbb.info,
jlphone.cn,
jlphouse.ml,
jlphh.loan,
jlphx.cn,
jlphpzw.cn,
jlphfcl.tk,
jlphh.top,
jlphd1.com,
jlphotographyok.com,
jlphgx.com,
jlphiladelphia.com,
jlphillipsmusic.com,
jlphh.com,
jlphannah.net,
jlphnb.com,
jlphost.com,
jlphotcreative.com,
jlpharmgroup.com,
jlphilalphia.org,
jlphzd.gdn,
jlpharmaresearch.co.kr,
jlphtech.com,
jlpharmgroupholding.com,
jlphei.top,
jlphw.top,
jlph.sh.cn,
jlphotoz.com,
jlphotogallery.com,
jlpharma.net,
jlphotoscape.com,
jlpht.top,
jlphire.com,
jlphipps.com,
jlphotographer.net,
jlphil.site,
jlphotographs.net,
jlphotography4x.com,
jlphhs.info,
jlphbb.ltd,
jlphfv.info,
jlphotography47.com,
jlphrb.com,
jlphouse.com,
jlph04.com,
jlphotographyfl.com,
jlphypnotherapy.com,
jlphnb.org,
jlphim.info,
jlphnb.info,
jlphillipsandsons.com,
jlphotographyc.com,
jlphomes.co.uk,
jlphoto.gallery,
jlphotographybyjoey.com,
jlphxp.review,
jlphomemaintenanceandwindowrepairs.co.uk,
jlphotocreative.com,
jlphomepage.mobi,
jlphomesearch.com,
jlphomepage.net,
jlphomepage.info,
jlphomepage.org,
jlphip.top,
jlphotoworksco.com,
jlphdj.trade,
jlphotographyandevents.com,
jlphotography.studio,
jlphoenix.xyz,
jlphjpz.xyz,
jlphd1.gdn,
jlphio.top,
jlphotography.blog,
jlphairandbeauty.co.uk,
jlphw.xyz,
jlph.bid,
jlphelps.com,
jlpharmatech.net,
jlph.red,
jlphonesforfree.com,
jlphb.party,
jlphdesigns.com,
jlph.biz,
jlphw.net,
jlphotographystudios.com,
jlphotosusa.com,
jlphf.com,
jlphj.com,
jlphn.com,
jlphd.com,
jlphm.com,
jlphr.com,
jlphg.com,
jlpht.com,
jlphz.com,
jlphb.com,
jlphk.com,
jlphotography3none.com,
jlphotography13.com,
jlphotographyct.com,
jlphp.net,
jlphysicaltherapypc.com,
jlphojt.com,
jlphc.net,
jlphotographyanddesign.com,
jlphealthyenergynow.com,
jlphotography1.com,
jlph.xin,
